module,mean,std,min,max
Base MLP,0.724,0.008000000000000007,0.72,0.74
+ Attention,0.784,0.00489897948556636,0.78,0.79
+ Contrastive,0.836,0.004898979485566361,0.83,0.84
+ MSTF,0.884,0.01019803902718558,0.87,0.9
Full System,0.984,0.01200000000000001,0.97,1.0
