{
  "protocol": "Original AE7-copy logic preserved; repeated-average reporting added in AE9 only.",
  "seeds": [
    42,
    52,
    62,
    72,
    82
  ],
  "MSTF-HiDet": {
    "L1_acc": {
      "mean": 0.9813953488372092,
      "std": 0.013953488372092997,
      "min": 0.9651162790697675,
      "max": 1.0
    },
    "L2_acc": {
      "mean": 0.9813953488372092,
      "std": 0.013953488372092997,
      "min": 0.9651162790697675,
      "max": 1.0
    },
    "L2_f1": {
      "mean": 0.9828219214740631,
      "std": 0.012921889592946151,
      "min": 0.9677336747759283,
      "max": 1.0
    }
  },
  "SOTA_fixed_baselines": {
    "Random Forest": {
      "accuracy": {
        "mean": 0.8348837209302327,
        "std": 0.026920550936721452,
        "min": 0.8023255813953488,
        "max": 0.872093023255814
      },
      "f1_macro": {
        "mean": 0.833348303774892,
        "std": 0.030954531246467624,
        "min": 0.7951219512195121,
        "max": 0.8755723134931322
      }
    },
    "1D-CNN": {
      "accuracy": {
        "mean": 0.8534883720930232,
        "std": 0.015772860425872705,
        "min": 0.8255813953488372,
        "max": 0.872093023255814
      },
      "f1_macro": {
        "mean": 0.8368887335471251,
        "std": 0.01901130906164716,
        "min": 0.8032271030720644,
        "max": 0.859442139851614
      }
    },
    "XGBoost": {
      "accuracy": {
        "mean": 0.872093023255814,
        "std": 0.010400316174417645,
        "min": 0.8604651162790697,
        "max": 0.8837209302325582
      },
      "f1_macro": {
        "mean": 0.8740761711515468,
        "std": 0.011954716507955005,
        "min": 0.8595377775696047,
        "max": 0.8878205128205128
      }
    },
    "KNN": {
      "accuracy": {
        "mean": 0.9372093023255814,
        "std": 0.005696487773914378,
        "min": 0.9302325581395349,
        "max": 0.9418604651162791
      },
      "f1_macro": {
        "mean": 0.9340955166806122,
        "std": 0.0071780456521723345,
        "min": 0.9253479853479853,
        "max": 0.9405800631883544
      }
    }
  },
  "safety_metrics": {
    "Normal": {
      "TP": {
        "mean": 34.0,
        "std": 0.0,
        "min": 34.0,
        "max": 34.0
      },
      "FP": {
        "mean": 1.6,
        "std": 1.2000000000000002,
        "min": 0.0,
        "max": 3.0
      },
      "FN": {
        "mean": 0.0,
        "std": 0.0,
        "min": 0.0,
        "max": 0.0
      },
      "TN": {
        "mean": 50.4,
        "std": 1.2,
        "min": 49.0,
        "max": 52.0
      },
      "FPR": {
        "mean": 0.030769200000000003,
        "std": 0.023076733333814818,
        "min": 0.0,
        "max": 0.057692
      },
      "FNR": {
        "mean": 0.0,
        "std": 0.0,
        "min": 0.0,
        "max": 0.0
      },
      "Specificity": {
        "mean": 0.9692308000000001,
        "std": 0.023076733333814804,
        "min": 0.942308,
        "max": 1.0
      },
      "Sensitivity": {
        "mean": 1.0,
        "std": 0.0,
        "min": 1.0,
        "max": 1.0
      }
    },
    "Charging Short": {
      "TP": {
        "mean": 23.0,
        "std": 0.0,
        "min": 23.0,
        "max": 23.0
      },
      "FP": {
        "mean": 0.0,
        "std": 0.0,
        "min": 0.0,
        "max": 0.0
      },
      "FN": {
        "mean": 0.0,
        "std": 0.0,
        "min": 0.0,
        "max": 0.0
      },
      "TN": {
        "mean": 63.0,
        "std": 0.0,
        "min": 63.0,
        "max": 63.0
      },
      "FPR": {
        "mean": 0.0,
        "std": 0.0,
        "min": 0.0,
        "max": 0.0
      },
      "FNR": {
        "mean": 0.0,
        "std": 0.0,
        "min": 0.0,
        "max": 0.0
      },
      "Specificity": {
        "mean": 1.0,
        "std": 0.0,
        "min": 1.0,
        "max": 1.0
      },
      "Sensitivity": {
        "mean": 1.0,
        "std": 0.0,
        "min": 1.0,
        "max": 1.0
      }
    },
    "Full-SOC Resting Short-circuit": {
      "TP": {
        "mean": 27.4,
        "std": 1.2,
        "min": 26.0,
        "max": 29.0
      },
      "FP": {
        "mean": 0.0,
        "std": 0.0,
        "min": 0.0,
        "max": 0.0
      },
      "FN": {
        "mean": 1.6,
        "std": 1.2000000000000002,
        "min": 0.0,
        "max": 3.0
      },
      "TN": {
        "mean": 57.0,
        "std": 0.0,
        "min": 57.0,
        "max": 57.0
      },
      "FPR": {
        "mean": 0.0,
        "std": 0.0,
        "min": 0.0,
        "max": 0.0
      },
      "FNR": {
        "mean": 0.055172399999999996,
        "std": 0.041379133333601846,
        "min": 0.0,
        "max": 0.103448
      },
      "Specificity": {
        "mean": 1.0,
        "std": 0.0,
        "min": 1.0,
        "max": 1.0
      },
      "Sensitivity": {
        "mean": 0.9448276,
        "std": 0.04137913333360184,
        "min": 0.896552,
        "max": 1.0
      }
    }
  },
  "figure_files": {
    "avg_confusion": "Fig2_confusion_matrices_avg.png",
    "pooled_tsne": "Fig3_tsne_repeated_pooled.png",
    "avg_sota": "Fig4_sota_fixed_baselines_avg.png"
  }
}
