seed,chosen_route,train_samples,val_samples,test_samples,mstf_l1_acc,mstf_l2_acc,mstf_l2_f1,Random Forest_acc,Random Forest_f1,1D-CNN_acc,1D-CNN_f1,XGBoost_acc,XGBoost_f1,KNN_acc,KNN_f1
42,B,1244,106,86,1.0,1.0,1.0,0.8255813953488372,0.8234799663771364,0.872093023255814,0.859442139851614,0.8837209302325582,0.8878205128205128,0.9302325581395349,0.9253479853479853
52,B,1244,106,86,0.9883720930232558,0.9883720930232558,0.9893211289092295,0.872093023255814,0.8755723134931322,0.8604651162790697,0.8451422436929684,0.8837209302325582,0.8878205128205128,0.9302325581395349,0.9253479853479853
62,B,1244,106,86,0.9651162790697675,0.9651162790697675,0.9677336747759283,0.8023255813953488,0.7951219512195121,0.8488372093023255,0.8314899374260105,0.8604651162790697,0.8630434782608697,0.9418604651162791,0.9386214863303812
72,B,1244,106,86,0.9651162790697675,0.9651162790697675,0.9677336747759283,0.813953488372093,0.8095238095238096,0.8604651162790697,0.8451422436929684,0.8604651162790697,0.8595377775696047,0.9418604651162791,0.9405800631883544
82,B,1244,106,86,0.9883720930232558,0.9883720930232558,0.9893211289092295,0.8604651162790697,0.8630434782608697,0.8255813953488372,0.8032271030720644,0.872093023255814,0.8721585742862338,0.9418604651162791,0.9405800631883544
